,date,gare_arrivee,duree_moyenne,nb_train_prevu,nb_annulation,nb_train_depart_retard,retard_moyen_depart,nb_train_retard_arrivee,retard_moyen_arrivee,nb_train_retard_sup_15,nb_train_retard_sup_30,nb_train_retard_sup_60,prct_cause_externe,prct_cause_infra,prct_cause_gestion_trafic,prct_cause_materiel_roulant,prct_cause_gestion_gare,prct_cause_prise_en_charge_voyageurs
0,2022-02,FRANCFORT,230,154,0,14,18.9285714285714,16,32.178125,16,4,2,0.0,31.25,56.25,6.25,6.25,0.0
1,2022-06,STUTTGART,190,105,1,22,10.2166666666667,14,34.1095238095238,14,7,1,7.14285714285714,21.4285714285714,14.2857142857143,28.5714285714286,7.14285714285714,21.4285714285714
2,2022-08,STUTTGART,189,151,4,21,6.08492063492063,22,29.0265151515152,22,6,2,22.72727272727269,0.0,54.5454545454545,18.1818181818182,0.0,4.545454545454549
3,2022-11,STUTTGART,196,102,2,15,12.1944444444444,13,32.4679487179487,13,4,2,15.3846153846154,0.0,46.1538461538462,15.3846153846154,0.0,23.0769230769231
4,2022-08,FRANCFORT,229,169,2,20,17.0558333333333,29,38.5689655172414,29,15,4,0.0,7.142857142857138,60.7142857142857,21.4285714285714,0.0,10.7142857142857
5,2022-09,FRANCFORT,227,152,3,13,10.7192307692308,37,26.6801801801802,37,12,0,5.714285714285709,5.714285714285709,77.1428571428571,11.4285714285714,0.0,0.0
6,2022-09,STUTTGART,189,137,1,25,13.095999999999998,23,34.6855072463768,23,9,3,8.695652173913041,4.347826086956521,34.78260869565219,39.130434782608695,13.043478260869602,0.0
7,2022-10,STUTTGART,192,125,2,19,12.4543859649123,22,32.0984848484849,22,10,1,4.545454545454549,9.09090909090909,50.0,9.09090909090909,9.09090909090909,18.1818181818182
8,2022-11,FRANCFORT,227,166,5,25,17.2506666666667,35,33.4580952380952,35,13,4,16.1290322580645,6.4516129032258105,54.8387096774194,9.67741935483871,0.0,12.903225806451598
9,2022-01,FRANCFORT,226,163,9,21,14.6626984126984,12,35.3319444444444,12,5,1,8.33333333333333,0.0,33.3333333333333,25.0,25.0,8.33333333333333
10,2022-04,FRANCFORT,231,144,4,32,13.2046875,27,35.0259259259259,27,11,5,7.407407407407408,7.407407407407408,48.1481481481481,25.925925925925903,7.407407407407408,3.7037037037037
11,2022-10,FRANCFORT,228,168,5,24,24.3625,31,37.7715053763441,31,11,3,3.7037037037037,0.0,59.2592592592593,18.5185185185185,18.5185185185185,0.0
12,2022-12,FRANCFORT,229,125,10,13,19.5589743589744,33,31.861616161616205,33,12,2,3.125,6.25,65.625,9.375,9.375,6.25
13,2022-12,STUTTGART,189,148,9,34,16.7387254901961,40,38.7266666666667,40,20,7,20.0,0.0,20.0,45.0,10.0,5.0
14,2022-05,STUTTGART,189,127,4,25,9.944,29,28.7005747126437,29,7,2,10.7142857142857,14.2857142857143,42.8571428571429,17.8571428571429,7.142857142857138,7.142857142857138
15,2022-06,FRANCFORT,232,161,3,36,17.5606481481482,73,35.2947488584475,73,38,7,7.35294117647059,19.1176470588235,45.5882352941176,14.7058823529412,5.88235294117647,7.35294117647059
16,2022-01,STUTTGART,189,127,6,19,8.7578947368421,9,34.7240740740741,9,2,2,28.5714285714286,0.0,42.8571428571429,14.2857142857143,14.2857142857143,0.0
17,2022-02,STUTTGART,189,112,0,17,19.0147058823529,11,41.969696969697,11,4,2,0.0,18.1818181818182,45.454545454545496,18.1818181818182,9.09090909090909,9.09090909090909
18,2022-03,FRANCFORT,231,155,8,23,11.5550724637681,21,31.4674603174603,21,8,2,6.66666666666667,33.3333333333333,20.0,33.3333333333333,0.0,6.66666666666667
19,2022-03,STUTTGART,189,151,8,21,10.2880952380952,25,35.8386666666667,25,8,3,4.0,12.0,48.0,20.0,4.0,12.0
20,2022-04,STUTTGART,193,138,2,25,9.02066666666666,25,33.182,25,9,3,8.33333333333333,12.5,33.3333333333333,16.6666666666667,8.33333333333333,20.8333333333333
21,2022-05,FRANCFORT,230,172,5,40,12.7866666666667,80,37.8685416666667,80,39,14,12.3076923076923,23.0769230769231,53.8461538461538,9.23076923076923,0.0,1.53846153846154
22,2022-07,FRANCFORT,229,172,1,41,16.6313008130081,51,40.2604575163399,51,22,8,0.0,18.75,50.0,20.8333333333333,6.25,4.16666666666667
23,2022-07,STUTTGART,189,146,15,24,15.220138888888902,26,35.0166666666667,26,11,4,3.84615384615385,15.3846153846154,42.3076923076923,26.9230769230769,3.84615384615385,7.69230769230769
24,2022-02,ITALIE,423,86,0,6,17.2972222222222,8,42.875,8,6,1,12.5,25.0,12.5,50.0,0.0,0.0
25,2022-03,GENEVE,206,209,0,21,16.2380952380952,33,28.92474747474749,33,8,1,59.375,6.25,6.25,21.875,3.125,3.125
26,2022-03,LAUSANNE,229,120,18,13,17.9269230769231,3,29.45,3,0,0,100.0,0.0,0.0,0.0,0.0,0.0
27,2022-04,LAUSANNE,233,93,1,3,46.1888888888889,0,0.0,0,0,0,0.0,0.0,0.0,0.0,0.0,0.0
28,2022-05,BARCELONA,404,28,0,4,12.5291666666667,0,0.0,0,0,0,0.0,0.0,0.0,0.0,0.0,0.0
29,2022-06,ITALIE,424,91,0,29,25.583908045977,41,56.7926829268293,41,28,12,7.5,12.5,22.5,42.50000000000001,12.5,2.5000000000000004
30,2022-07,BARCELONA,403,62,0,33,21.7424242424242,29,60.7241379310345,29,23,11,10.3448275862069,20.6896551724138,10.3448275862069,41.3793103448276,3.44827586206897,13.7931034482759
31,2022-07,LAUSANNE,231,186,8,44,26.8602272727273,38,42.1236842105263,38,18,6,5.40540540540541,13.5135135135135,21.6216216216216,35.1351351351351,16.2162162162162,8.10810810810811
32,2022-08,ITALIE,424,96,0,19,17.6929824561404,19,41.1578947368421,19,13,3,0.0,15.7894736842105,31.5789473684211,42.105263157894704,0.0,10.5263157894737
33,2022-09,ZURICH,244,145,4,37,17.2382882882883,17,41.9039215686275,17,10,3,6.25,18.75,37.5,18.75,18.75,0.0
34,2022-11,GENEVE,191,226,0,34,15.9823529411765,27,34.0012345679012,27,11,4,42.3076923076923,7.69230769230769,15.3846153846154,19.2307692307692,7.69230769230769,7.69230769230769
35,2022-12,ZURICH,248,161,11,21,12.8785714285714,22,26.694696969697,22,4,0,22.72727272727269,0.0,63.636363636363605,13.6363636363636,0.0,0.0
36,2022-01,BARCELONA,400,31,0,5,25.9833333333333,0,0.0,0,0,0,0.0,0.0,0.0,0.0,0.0,0.0
37,2022-01,LAUSANNE,229,142,0,10,10.9566666666667,7,28.0904761904762,7,3,0,14.2857142857143,28.5714285714286,14.2857142857143,28.5714285714286,0.0,14.2857142857143
38,2022-02,GENEVE,191,152,0,14,11.975,3,18.0388888888889,3,0,0,0.0,33.3333333333333,0.0,33.3333333333333,0.0,33.3333333333333
39,2022-03,ITALIE,423,94,0,9,29.7148148148148,18,42.7777777777778,18,10,3,33.3333333333333,13.3333333333333,6.66666666666667,46.6666666666667,0.0,0.0
40,2022-03,ZURICH,244,110,0,15,16.2777777777778,16,45.2197916666667,16,9,3,13.3333333333333,26.6666666666667,13.3333333333333,26.6666666666667,20.0,0.0
41,2022-05,GENEVE,209,226,0,36,17.9069444444444,28,39.422619047619,28,18,3,7.14285714285714,25.0,14.2857142857143,32.1428571428571,17.8571428571429,3.57142857142857
42,2022-07,ITALIE,424,92,0,29,20.8471264367816,31,59.741935483871,31,26,10,6.66666666666667,16.6666666666667,30.0,43.3333333333333,0.0,3.33333333333333
43,2022-08,BARCELONA,403,62,0,11,21.0045454545455,13,48.4615384615385,13,8,4,15.3846153846154,7.69230769230769,15.3846153846154,38.4615384615385,0.0,23.0769230769231
44,2022-08,GENEVE,193,221,0,55,20.458484848484897,60,36.125,60,23,8,6.66666666666667,18.3333333333333,23.3333333333333,31.6666666666667,16.6666666666667,3.33333333333333
45,2022-08,LAUSANNE,232,186,2,36,18.862037037037,33,34.5984848484849,33,10,4,6.06060606060606,21.2121212121212,18.1818181818182,30.303030303030297,18.1818181818182,6.06060606060606
46,2022-08,ZURICH,244,174,0,46,17.7365942028986,30,38.1,30,20,3,16.6666666666667,10.0,10.0,26.6666666666667,23.3333333333333,13.3333333333333
47,2022-11,LAUSANNE,230,172,4,17,11.1892156862745,11,36.2666666666667,11,3,1,40.0,20.0,30.0,10.0,0.0,0.0
48,2022-04,ZURICH,245,73,1,7,28.2357142857143,9,47.8777777777778,9,5,2,42.8571428571429,0.0,28.5714285714286,0.0,28.5714285714286,0.0
49,2022-05,ITALIE,426,92,0,19,22.830701754386,30,44.7666666666667,30,16,4,10.3448275862069,13.7931034482759,17.2413793103448,51.7241379310345,6.89655172413793,0.0
50,2022-06,GENEVE,195,218,0,52,26.6304487179487,53,42.2345911949686,53,26,9,15.0943396226415,16.981132075471702,16.981132075471702,22.6415094339623,24.5283018867925,3.77358490566038
51,2022-09,GENEVE,193,209,3,38,21.4333333333333,25,38.868,25,14,4,12.0,12.0,4.0,48.0,20.0,4.0
52,2022-10,ITALIE,423,80,0,11,19.8893939393939,13,46.3846153846154,13,6,2,25.0,8.333333333333329,41.6666666666667,25.0,0.0,0.0
53,2022-10,LAUSANNE,231,156,1,30,18.748888888888896,13,53.4115384615385,13,8,2,8.333333333333329,33.3333333333333,8.333333333333329,41.6666666666667,8.333333333333329,0.0
54,2022-11,BARCELONA,400,29,0,5,19.4166666666667,4,42.25,4,3,1,75.0,0.0,0.0,25.0,0.0,0.0
55,2022-12,GENEVE,194,249,29,59,17.4627118644068,21,35.1738095238095,21,10,3,4.76190476190476,9.52380952380952,14.2857142857143,47.6190476190476,19.047619047619,4.76190476190476
56,2022-12,ITALIE,425,96,9,17,16.7754901960784,15,55.8,15,8,5,13.3333333333333,20.0,6.66666666666667,46.6666666666667,0.0,13.3333333333333
57,2022-02,BARCELONA,400,28,0,2,14.0916666666667,0,0.0,0,0,0,0.0,0.0,0.0,0.0,0.0,0.0
58,2022-02,LAUSANNE,229,128,1,4,5.475,4,27.8291666666667,4,1,0,0.0,66.6666666666667,33.3333333333333,0.0,0.0,0.0
59,2022-04,BARCELONA,405,50,0,7,32.4404761904762,0,0.0,0,0,0,0.0,0.0,0.0,0.0,0.0,0.0
60,2022-04,ITALIE,423,93,1,14,14.3059523809524,19,44.6315789473684,19,12,3,21.0526315789474,5.26315789473684,10.5263157894737,52.6315789473684,0.0,10.5263157894737
61,2022-06,BARCELONA,403,47,0,17,12.5656862745098,11,70.1818181818182,11,7,6,27.2727272727273,36.3636363636364,9.09090909090909,27.2727272727273,0.0,0.0
62,2022-07,GENEVE,193,223,2,65,23.6394871794872,72,36.324537037037,72,34,5,8.57142857142857,17.1428571428571,17.1428571428571,38.5714285714286,17.1428571428571,1.42857142857143
63,2022-07,ZURICH,249,42,4,10,23.45,6,44.4388888888889,6,3,1,20.000000000000004,20.000000000000004,0.0,20.000000000000004,40.00000000000001,0.0
64,2022-09,BARCELONA,401,58,0,16,23.2489583333333,15,40.0,15,7,2,0.0,28.5714285714286,28.5714285714286,21.4285714285714,7.14285714285714,14.2857142857143
65,2022-09,ITALIE,423,86,0,9,17.8333333333333,12,46.125,12,9,3,20.000000000000004,0.0,30.0,50.0,0.0,0.0
66,2022-10,GENEVE,192,219,3,47,18.5624113475177,25,34.8766666666667,25,10,3,4.0,16.0,8.0,68.0,0.0,4.0
67,2022-10,ZURICH,244,133,2,25,23.9013333333333,16,42.0864583333333,16,9,2,12.5,25.0,12.5,43.75,0.0,6.25
68,2022-11,ITALIE,423,86,0,23,23.5840579710145,18,41.0277777777778,18,11,4,27.7777777777778,11.1111111111111,5.555555555555561,50.0,5.555555555555561,0.0
69,2022-12,BARCELONA,403,52,3,8,13.2604166666667,6,56.0,6,5,2,50.0,0.0,33.3333333333333,16.6666666666667,0.0,0.0
70,2022-01,GENEVE,191,179,0,14,14.442857142857102,15,34.4177777777778,15,6,3,33.3333333333333,26.6666666666667,6.66666666666667,26.6666666666667,0.0,6.66666666666667
71,2022-01,ITALIE,424,93,0,13,25.0833333333333,7,62.3571428571429,7,6,3,14.2857142857143,0.0,14.2857142857143,42.8571428571429,28.5714285714286,0.0
72,2022-01,ZURICH,244,152,4,13,11.6397435897436,7,34.4952380952381,7,3,1,33.3333333333333,16.6666666666667,33.3333333333333,16.6666666666667,0.0,0.0
73,2022-02,ZURICH,244,81,0,13,8.75897435897436,5,26.806666666666704,5,2,0,25.0,50.0,0.0,25.0,0.0,0.0
74,2022-03,BARCELONA,402,51,0,7,10.8261904761905,0,0.0,0,0,0,0.0,0.0,0.0,0.0,0.0,0.0
75,2022-04,GENEVE,209,236,0,23,19.4942028985507,22,46.9439393939394,22,9,6,23.809523809523803,42.8571428571429,14.2857142857143,4.76190476190476,9.52380952380952,4.76190476190476
76,2022-05,LAUSANNE,229,91,0,8,20.0395833333333,3,23.1277777777778,3,1,0,0.0,0.0,33.3333333333333,66.6666666666667,0.0,0.0
77,2022-05,ZURICH,245,137,1,17,18.1254901960784,13,39.1794871794872,13,11,1,0.0,33.3333333333333,16.6666666666667,25.0,25.0,0.0
78,2022-06,LAUSANNE,231,168,1,32,20.3484375,32,39.2296875,32,13,7,15.625,31.25,15.625,18.75,15.625,3.125
79,2022-09,LAUSANNE,231,166,6,29,26.7448275862069,15,37.4566666666667,15,7,1,20.0,6.66666666666667,6.66666666666667,53.3333333333333,13.3333333333333,0.0
80,2022-10,BARCELONA,400,29,0,8,20.9645833333333,4,36.75,4,3,0,0.0,0.0,0.0,75.0,0.0,25.0
81,2022-11,ZURICH,244,167,1,25,13.6893333333333,26,37.3365384615385,26,14,4,20.8333333333333,33.3333333333333,12.5,16.6666666666667,12.5,4.16666666666667
82,2022-12,LAUSANNE,234,172,16,27,20.1635802469136,18,52.512037037037,18,12,7,11.1111111111111,5.555555555555561,16.6666666666667,44.4444444444444,16.6666666666667,5.555555555555561
83,2023-02,STUTTGART,189,127,7,17,12.2019607843137,21,38.5611111111111,21,11,2,4.76190476190476,14.2857142857143,28.5714285714286,28.5714285714286,4.76190476190476,19.047619047619
84,2023-08,STUTTGART,189,151,5,25,32.468666667,30,37.682777778,30,11,5,3.33333333,10.0,40.0,33.333333329999995,3.33333333,10.0
85,2023-01,FRANCFORT,231,172,27,24,14.3069444444444,37,34.9148648648649,37,17,5,12.903225806451598,0.0,51.61290322580649,22.5806451612903,9.67741935483871,3.2258064516128995
86,2023-03,STUTTGART,189,151,34,15,17.2977777777778,15,28.8622222222222,15,5,1,6.66666666666667,13.3333333333333,53.3333333333333,0.0,13.3333333333333,13.3333333333333
87,2023-04,STUTTGART,190,133,4,16,18.852083333,28,32.988095238,28,8,2,7.14285714,3.57142857,50.0,25.0,0.0,14.28571429
88,2023-06,FRANCFORT,228,162,1,37,16.733783784,27,38.788271605,27,13,3,11.11111111,3.7037037,55.55555556,14.814814809999998,14.814814809999998,0.0
89,2023-06,STUTTGART,189,118,0,17,17.798039216,29,29.547126437,29,12,1,3.4482758600000003,3.4482758600000003,48.27586207,24.13793103,13.79310345,6.896551720000001
90,2023-09,STUTTGART,190,138,1,28,9.325,24,31.520138889,24,8,3,4.16666667,4.16666667,45.83333333,29.16666667,4.16666667,12.5
91,2023-02,FRANCFORT,242,72,4,8,10.8583333333333,8,28.2,8,3,0,33.3333333333333,0.0,66.6666666666667,0.0,0.0,0.0
92,2023-03,FRANCFORT,257,37,6,6,7.219444444444439,4,22.6041666666667,4,0,0,0.0,0.0,100.0,0.0,0.0,0.0
93,2023-05,FRANCFORT,227,165,7,21,23.473015873,35,40.98047619,35,16,8,3.03030303,0.0,57.57575758,18.18181818,15.15151515,6.0606060600000005
94,2023-05,STUTTGART,189,138,7,20,12.595833333,32,38.319270833,32,18,5,6.451612900000001,3.2258064500000003,45.161290320000006,29.03225806,6.451612900000001,9.67741935
95,2023-09,FRANCFORT,227,171,3,21,14.495238095,27,42.354938272,27,11,5,13.63636364,4.54545455,54.54545455,13.63636364,9.09090909,4.54545455
96,2023-10,STUTTGART,207,49,0,13,11.564102564,27,31.985802469,27,10,3,0.0,25.92592593,48.14814815,22.22222222,3.7037037,0.0
97,2023-11,STUTTGART,193,112,13,27,11.587037037,56,31.130059524000004,56,20,2,5.357142860000001,21.42857143,46.42857143,14.28571429,8.92857143,3.57142857
98,2023-01,STUTTGART,189,150,21,28,18.164880952381,32,43.89375,32,20,6,6.25,3.125,34.375,21.875,21.875,12.5
99,2023-04,FRANCFORT,229,166,6,25,8.7006666667,31,28.038709677,31,10,1,6.451612900000001,0.0,61.29032258,19.35483871,12.90322581,0.0
100,2023-07,FRANCFORT,229,176,4,25,16.784,34,43.21421568600001,34,17,7,12.90322581,6.451612900000001,48.38709677000001,16.129032260000002,12.90322581,3.2258064500000003
101,2023-07,STUTTGART,189,141,5,28,30.971428571,24,40.49791666699999,24,13,4,8.33333333,8.33333333,41.666666670000005,33.333333329999995,8.33333333,0.0
102,2023-08,FRANCFORT,227,177,3,27,31.505555556000004,28,56.069642857,28,17,6,0.0,37.03703704,40.74074074,14.814814809999998,7.407407409999999,0.0
103,2023-10,FRANCFORT,230,175,0,29,19.317241379,40,31.285,40,12,4,8.10810811,18.91891892,54.05405405,8.10810811,2.7027027,8.10810811
104,2023-11,FRANCFORT,228,152,9,29,21.048275862,69,31.596376811999995,69,26,6,8.95522388,10.44776119,52.23880597,11.94029851,11.94029851,4.47761194
105,2023-12,FRANCFORT,228,171,7,20,11.670833333,34,34.533333333,34,15,4,0.0,3.125,71.875,9.375,15.625,0.0
106,2023-12,STUTTGART,191,134,11,32,10.969791667,28,31.670833333,28,15,1,0.0,7.14285714,28.57142857,39.28571429,3.57142857,21.42857143
107,2023-01,ITALIE,426,93,4,14,20.1285714285714,11,47.86363636363641,11,7,2,0.0,33.3333333333333,11.1111111111111,55.5555555555556,0.0,0.0
108,2023-02,BARCELONA,403,56,7,5,25.15,5,38.0,5,4,0,0.0,40.0,20.0,40.0,0.0,0.0
109,2023-06,LAUSANNE,233,122,1,21,19.884920635,15,41.023333333,15,7,2,13.33333333,20.0,13.33333333,13.33333333,26.66666667,13.33333333
110,2023-08,BARCELONA,396,93,0,27,20.133333333,24,40.875,24,15,4,16.666666669999998,12.5,29.16666667,33.333333329999995,4.16666667,4.16666667
111,2023-08,ZURICH,245,132,1,22,15.193181818,23,41.610144928,23,15,4,13.04347826,21.73913043,21.73913043,8.695652169999999,21.73913043,13.04347826
112,2023-09,LAUSANNE,231,169,2,15,22.172222222,18,36.214814815,18,5,3,17.64705882,29.41176471,11.764705879999998,17.64705882,23.529411759999995,0.0
113,2023-10,GENEVE,192,244,0,34,20.915686275,26,32.329487179,26,9,1,3.84615385,30.76923077,19.23076923,26.92307692,11.53846154,7.69230769
114,2023-10,ZURICH,244,143,1,15,13.473333333,17,30.759803922,17,4,2,5.88235294,47.05882353,11.76470588,17.64705882,11.76470588,5.88235294
115,2023-11,BARCELONA,400,55,0,13,23.438461538,3,79.0,3,2,1,33.333333329999995,33.333333329999995,0.0,33.333333329999995,0.0,0.0
116,2023-11,LAUSANNE,231,175,4,23,26.692028986,30,40.444444444,30,14,4,30.76923077,7.69230769,26.92307692,19.23076923,11.53846154,3.84615385
117,2023-12,LAUSANNE,230,184,2,17,19.694117647,14,33.294047619,14,6,1,28.57142857,7.14285714,21.42857143,21.42857143,7.14285714,14.28571429
118,2023-01,BARCELONA,403,62,6,14,17.6178571428571,8,39.375,8,6,1,12.5,37.5,12.5,37.5,0.0,0.0
119,2023-02,LAUSANNE,234,161,9,17,17.671568627451,17,39.8205882352941,17,4,3,53.3333333333333,20.0,6.66666666666667,13.3333333333333,0.0,6.66666666666667
120,2023-03,BARCELONA,406,62,26,7,31.6190476190476,5,86.0,5,5,3,40.0,20.0,20.0,20.0,0.0,0.0
121,2023-04,LAUSANNE,237,158,4,23,16.877536232,18,42.309259259,18,9,3,16.666666669999998,44.444444440000005,16.666666669999998,16.666666669999998,5.55555556,0.0
122,2023-06,BARCELONA,402,60,0,19,17.759649123,11,59.818181818,11,9,4,27.27272727,9.09090909,36.36363636,27.27272727,0.0,0.0
123,2023-06,GENEVE,196,232,2,55,21.788181818,28,47.518452381,28,15,6,18.51851852,18.51851852,18.51851852,29.62962963,11.11111111,3.7037037
124,2023-06,ITALIE,430,90,3,24,26.215277778,14,76.857142857,14,10,6,7.69230769,15.38461538,38.46153846,38.46153846,0.0,0.0
125,2023-06,ZURICH,245,142,2,33,10.797474747,19,30.95,19,8,1,5.555555560000001,16.666666669999998,16.666666669999998,33.333333329999995,16.666666669999998,11.11111111
126,2023-09,ZURICH,247,133,1,16,19.377083333,30,35.475,30,13,5,10.71428571,35.71428571,32.14285714,14.28571429,3.57142857,3.57142857
127,2023-10,BARCELONA,400,62,0,10,25.748333333,8,118.375,8,8,6,12.5,37.5,12.5,25.0,12.5,0.0
128,2023-11,GENEVE,191,237,1,39,17.940598291,45,35.307777778,45,18,5,30.95238095,14.28571429,21.42857143,14.28571429,14.28571429,4.76190476
129,2023-12,ZURICH,244,170,1,30,13.911111111,24,37.536805556,24,16,2,8.33333333,8.33333333,29.16666667,29.16666667,20.83333333,4.16666667
130,2023-01,ZURICH,247,129,11,17,19.0323529411765,20,35.1333333333333,20,7,2,15.0,15.0,35.0,15.0,5.0,15.0
131,2023-02,GENEVE,195,220,14,44,16.7484848484848,20,43.0975,20,11,3,40.0,5.0,10.0,10.0,25.0,10.0
132,2023-02,ZURICH,248,148,6,21,16.9904761904762,16,38.4020833333333,16,7,2,40.0,6.66666666666667,20.0,6.66666666666667,26.6666666666667,0.0
133,2023-03,GENEVE,196,242,67,27,30.1969135802469,28,46.6083333333333,28,16,5,32.1428571428571,28.5714285714286,10.7142857142857,10.7142857142857,10.7142857142857,7.14285714285714
134,2023-03,ZURICH,248,130,21,20,36.2966666666667,16,48.890625,16,9,3,53.8461538461538,7.69230769230769,0.0,15.3846153846154,15.3846153846154,7.69230769230769
135,2023-04,GENEVE,195,229,6,50,18.779,35,45.211428571,35,20,5,2.8571428600000006,42.85714286,11.428571430000002,34.28571429,8.57142857,0.0
136,2023-11,ZURICH,244,154,4,22,16.689393939,20,39.5,20,12,3,10.0,15.0,25.0,15.0,25.0,10.0
137,2023-12,BARCELONA,405,62,0,3,7.7166666667,6,48.166666667,6,5,1,0.0,33.333333329999995,50.0,16.666666669999998,0.0,0.0
138,2023-12,GENEVE,191,245,0,39,17.568376068,29,39.272988506,29,15,4,20.68965517,24.13793103,13.79310345,20.68965517,10.34482759,10.34482759
139,2023-03,ITALIE,426,94,18,14,22.0630952380952,11,62.8181818181818,11,8,6,27.2727272727273,9.09090909090909,18.1818181818182,45.454545454545496,0.0,0.0
140,2023-03,LAUSANNE,234,158,38,16,35.284375,17,37.2362745098039,17,11,0,35.2941176470588,29.4117647058824,11.7647058823529,17.6470588235294,0.0,5.88235294117647
141,2023-04,ITALIE,427,93,2,16,17.340625,14,55.964285714,14,9,5,38.46153846,15.38461538,15.38461538,30.76923077,0.0,0.0
142,2023-05,BARCELONA,403,62,7,9,13.805555556,9,58.777777778,9,6,3,37.5,12.5,12.5,37.5,0.0,0.0
143,2023-05,GENEVE,196,234,5,39,17.006837607,17,42.344117647,17,8,2,5.88235294,11.76470588,23.52941176,23.52941176,29.41176471,5.88235294
144,2023-05,LAUSANNE,235,173,8,28,21.595833333,15,35.697777778,15,5,2,6.666666670000001,20.0,13.33333333,40.0,13.33333333,6.666666670000001
145,2023-05,ZURICH,248,142,10,22,26.035606061,13,35.88974359,13,6,2,0.0,7.69230769,53.84615385,23.07692308,0.0,15.38461538
146,2023-07,LAUSANNE,231,139,2,11,23.839393939,9,29.838888889,9,5,0,33.333333329999995,22.222222220000003,11.11111111,22.222222220000003,11.11111111,0.0
147,2023-07,ZURICH,248,133,2,25,13.356666667000002,32,35.991145833,32,15,3,12.90322581,19.35483871,29.03225806,19.35483871,12.90322581,6.451612900000001
148,2023-08,GENEVE,191,224,1,37,16.704954955,34,32.213235294,34,18,2,8.82352941,44.11764706,8.82352941,20.58823529,11.76470588,5.88235294
149,2023-08,ITALIE,423,96,9,20,25.398333333,17,56.852941176,17,10,6,13.33333333,13.33333333,6.666666670000001,60.0,0.0,6.666666670000001
150,2023-08,LAUSANNE,230,184,1,23,20.1,28,34.510714286,28,13,1,14.28571429,32.14285714,25.0,10.71428571,10.71428571,7.14285714
151,2023-09,BARCELONA,399,63,0,16,11.945833333,4,50.75,4,3,2,25.0,25.0,0.0,50.0,0.0,0.0
152,2023-09,GENEVE,191,237,0,35,15.612380952,21,39.4,21,14,3,20.0,15.0,5.0,35.0,25.0,0.0
153,2023-09,ITALIE,423,30,16,0,0.0,0,0.0,0,0,0,0.0,0.0,0.0,0.0,0.0,0.0
154,2023-10,LAUSANNE,231,163,9,16,15.247916667,20,35.4,20,9,1,5.263157890000001,47.36842105,10.52631579,15.78947368,10.52631579,10.52631579
155,2023-01,GENEVE,195,256,20,49,14.6591836734694,23,36.313768115942,23,10,4,30.4347826086957,21.7391304347826,21.7391304347826,4.347826086956521,17.391304347826097,4.347826086956521
156,2023-01,LAUSANNE,234,184,9,30,14.7866666666667,16,44.7177083333333,16,6,4,12.5,25.0,12.5,18.75,18.75,12.5
157,2023-02,ITALIE,426,86,3,10,9.00166666666667,6,38.25,6,2,1,16.6666666666667,33.3333333333333,33.3333333333333,16.6666666666667,0.0,0.0
158,2023-04,BARCELONA,403,60,6,10,12.851666667,6,51.5,6,5,3,33.333333329999995,33.333333329999995,0.0,33.333333329999995,0.0,0.0
159,2023-04,ZURICH,255,127,0,33,16.954545455,14,58.155952381,14,7,5,7.14285714,14.28571429,21.42857143,28.57142857,28.57142857,0.0
160,2023-05,ITALIE,426,77,0,8,28.552083333,17,53.794117647,17,9,5,25.0,18.75,25.0,31.25,0.0,0.0
161,2023-07,BARCELONA,397,86,0,28,14.208333333,23,52.913043478,23,14,5,26.08695652,8.695652169999999,30.43478261,26.08695652,4.34782609,4.34782609
162,2023-07,GENEVE,197,225,2,36,22.097222222,19,46.142105263,19,11,5,5.26315789,21.05263158,0.0,31.57894737,31.57894737,10.52631579
163,2023-07,ITALIE,423,95,0,17,24.820588235,24,68.5625,24,17,9,4.34782609,17.39130435,8.695652169999999,56.52173913,8.695652169999999,4.34782609
164,2024-03,STUTTGART,192,67,16,7,13.342857143,8,28.445833333,8,3,0,25.0,25.0,37.5,12.5,0.0,0.0
165,2024-09,FRANCFORT,273,113,4,12,9.3541666667,9,43.168518519,9,5,1,28.571428570000002,0.0,28.571428570000002,14.285714290000001,28.571428570000002,0.0
166,2024-01,FRANCFORT,258,120,58,5,3.7433333333,8,26.9375,8,3,0,0.0,42.85714286,42.85714286,14.28571429,0.0,0.0
167,2024-04,FRANCFORT,230,170,6,23,29.057971014000003,25,49.730666667,25,9,3,12.5,12.5,45.83333333,20.83333333,0.0,8.33333333
168,2024-04,STUTTGART,191,123,7,21,47.480952381,15,39.206666667,15,7,1,6.666666670000001,20.0,20.0,33.333333329999995,6.666666670000001,13.33333333
169,2024-07,FRANCFORT,247,146,5,20,14.569166667,15,29.925555556,15,7,0,21.42857143,14.285714290000001,21.42857143,42.85714286,0.0,0.0
170,2024-07,STUTTGART,192,153,5,32,13.436458333,34,35.274509804,34,18,3,17.64705882,11.76470588,29.41176471,26.470588239999998,8.82352941,5.88235294
171,2024-09,STUTTGART,192,140,5,26,8.6185897436,28,28.752380952000003,28,8,2,7.14285714,25.0,35.71428571,21.42857143,3.57142857,7.14285714
172,2024-02,STUTTGART,192,122,7,13,9.0807692308,20,35.588333333,20,10,1,0.0,35.0,35.0,15.0,15.0,0.0
173,2024-05,STUTTGART,192,142,2,18,8.2083333333,19,43.142982456,19,8,4,0.0,21.05263158,47.36842105,26.31578947,5.26315789,0.0
174,2024-06,STUTTGART,192,139,4,9,27.15,21,38.275396825,21,9,3,9.52380952,14.28571429,28.57142857,33.333333329999995,4.76190476,9.52380952
175,2024-08,FRANCFORT,273,98,3,10,12.776666667,6,38.297222222,6,3,0,0.0,0.0,50.0,16.666666669999998,16.666666669999998,16.666666669999998
176,2024-03,FRANCFORT,229,174,19,21,20.801587302,26,30.841025641000005,26,7,2,4.34782609,17.39130435,34.7826087,21.73913043,13.04347826,8.695652169999999
177,2024-05,FRANCFORT,235,162,6,19,7.9166666667,35,35.840952381,35,15,5,12.12121212,36.36363636,33.333333329999995,9.09090909,3.03030303,6.0606060600000005
178,2024-06,FRANCFORT,230,160,3,31,20.529569892,29,40.994827586,29,15,4,18.51851852,14.814814809999998,37.03703704,7.407407409999999,14.814814809999998,7.407407409999999
179,2024-01,STUTTGART,192,114,35,21,19.358730159,22,44.045454545,22,11,5,27.27272727,9.09090909,13.63636364,40.90909091,0.0,9.09090909
180,2024-02,FRANCFORT,230,160,12,14,8.5845238095,26,27.173076923,26,6,0,4.16666667,16.666666669999998,58.33333333,12.5,4.16666667,4.16666667
181,2024-08,STUTTGART,224,131,1,20,16.6475,13,37.988461538,13,8,1,7.69230769,0.0,30.76923077,38.46153846,7.69230769,15.38461538
182,2024-01,GENEVE,191,246,1,56,19.1875,39,39.38974359,39,21,4,10.25641026,17.948717950000002,30.76923077,15.38461538,17.948717950000002,7.69230769
183,2024-01,ITALIE,502,20,0,3,10.544444444,0,0.0,0,0,0,0.0,0.0,0.0,0.0,0.0,0.0
184,2024-02,LAUSANNE,231,162,8,11,10.563636364,14,26.929761905,14,3,0,14.28571429,21.42857143,42.85714286,0.0,7.14285714,14.28571429
185,2024-03,ITALIE,502,30,0,2,3.6416666667,0,0.0,0,0,0,0.0,0.0,0.0,0.0,0.0,0.0
186,2024-03,ZURICH,244,131,0,25,13.927333333,16,30.625,16,6,0,25.0,6.25,43.75,18.75,6.25,0.0
187,2024-04,ZURICH,245,139,0,20,14.366666667,22,33.763636364,22,9,2,19.04761905,19.04761905,28.57142857,4.76190476,23.80952381,4.76190476
188,2024-05,GENEVE,191,243,0,29,17.023563218,23,39.734057971,23,13,3,18.18181818,36.36363636,9.090909089999998,0.0,27.27272727,9.090909089999998
189,2024-05,ITALIE,502,18,0,2,10.741666667,0,0.0,0,0,0,0.0,0.0,0.0,0.0,0.0,0.0
190,2024-05,ZURICH,244,161,0,21,16.804761905,19,32.802631579,19,9,0,27.77777778,16.666666669999998,16.666666669999998,5.555555560000001,27.77777778,5.555555560000001
191,2024-06,BARCELONA,409,70,0,8,10.039583333,0,0.0,0,0,0,0.0,0.0,0.0,0.0,0.0,0.0
192,2024-07,GENEVE,191,224,6,33,22.131313131,36,34.568055556,36,16,4,11.111111110000001,47.22222222,16.666666669999998,13.88888889,8.33333333,2.77777778
193,2024-07,ZURICH,257,61,3,9,33.757407407,7,59.5,7,5,2,16.666666669999998,33.333333329999995,16.666666669999998,0.0,33.333333329999995,0.0
194,2024-08,BARCELONA,412,93,0,16,25.076041667,14,45.357142857,14,10,2,14.285714290000001,7.14285714,35.71428571,42.85714286,0.0,0.0
195,2024-01,BARCELONA,407,62,2,4,15.745833333,5,32.8,5,3,0,40.0,60.0,0.0,0.0,0.0,0.0
196,2024-02,ITALIE,502,29,0,5,8.85,0,0.0,0,0,0,0.0,0.0,0.0,0.0,0.0,0.0
197,2024-02,ZURICH,244,125,9,22,12.246212121,12,30.951388889,12,4,1,8.33333333,16.666666669999998,16.666666669999998,25.0,0.0,33.333333329999995
198,2024-03,LAUSANNE,232,172,3,13,14.498717949,14,27.442857143,14,3,0,14.28571429,28.57142857,42.85714286,7.14285714,0.0,7.14285714
199,2024-09,LAUSANNE,231,160,3,20,25.565833333,19,52.887719298,19,10,4,10.52631579,31.578947369999998,26.315789470000002,10.52631579,15.789473679999999,5.2631578900000004
200,2024-01,LAUSANNE,230,187,12,40,13.719166667,25,42.155333333,25,11,5,24.0,28.000000000000004,12.0,8.0,20.0,8.0
201,2024-01,ZURICH,244,168,1,29,18.82183908,20,44.771666667,20,12,4,10.0,10.0,20.0,55.00000000000001,5.0,0.0
202,2024-04,BARCELONA,408,58,0,6,20.680555556,0,0.0,0,0,0,0.0,0.0,0.0,0.0,0.0,0.0
203,2024-05,BARCELONA,409,64,0,6,1.4944444444,0,0.0,0,0,0,0.0,0.0,0.0,0.0,0.0,0.0
204,2024-06,LAUSANNE,230,163,3,24,29.429861111,13,29.741025641000004,13,4,0,7.69230769,38.46153846,0.0,15.38461538,23.07692308,15.38461538
205,2024-06,ZURICH,245,148,1,22,13.717424242,22,37.159848485,22,11,3,20.0,20.0,30.0,10.0,5.0,15.0
206,2024-07,BARCELONA,411,88,2,16,11.307291667,11,64.090909091,11,10,7,27.27272727,9.09090909,18.18181818,27.27272727,0.0,18.18181818
207,2024-07,ITALIE,502,26,0,2,33.508333333,0,0.0,0,0,0,0.0,0.0,0.0,0.0,0.0,0.0
208,2024-07,LAUSANNE,225,96,2,8,43.875,8,62.504166667,8,6,2,25.0,25.0,25.0,12.5,0.0,12.5
209,2024-08,ITALIE,502,31,0,2,1.575,0,0.0,0,0,0,0.0,0.0,0.0,0.0,0.0,0.0
210,2024-08,ZURICH,259,108,1,12,8.1847222222,3,22.994444444,3,0,0,33.333333329999995,0.0,33.333333329999995,0.0,0.0,33.333333329999995
211,2024-09,ITALIE,502,30,0,4,29.375,0,0.0,0,0,0,0.0,0.0,0.0,0.0,0.0,0.0
212,2024-09,ZURICH,257,146,0,18,28.407407407,22,45.722727273,22,10,4,9.09090909,18.18181818,31.818181820000003,27.27272727,4.5454545500000005,9.09090909
213,2024-04,GENEVE,192,245,0,40,17.313333333,32,31.723958332999995,32,13,1,46.875,9.375,9.375,9.375,12.5,12.5
214,2024-04,ITALIE,502,28,0,1,14.766666667,0,0.0,0,0,0,0.0,0.0,0.0,0.0,0.0,0.0
215,2024-06,GENEVE,191,234,1,43,17.628682171,28,41.176190476,28,13,3,7.14285714,28.57142857,14.28571429,17.85714286,21.42857143,10.71428571
216,2024-08,LAUSANNE,229,121,1,11,12.506060606,10,23.935,10,0,0,0.0,40.0,20.0,20.0,20.0,0.0
217,2024-02,BARCELONA,407,58,4,9,16.803703704,8,35.75,8,5,1,0.0,12.5,50.0,25.0,0.0,12.5
218,2024-02,GENEVE,191,236,9,23,9.0572463768,14,24.229761905000004,14,4,0,21.42857143,21.42857143,42.85714286,0.0,14.28571429,0.0
219,2024-03,BARCELONA,407,58,0,9,8.5444444444,3,49.0,3,2,1,0.0,33.333333329999995,66.66666667,0.0,0.0,0.0
220,2024-03,GENEVE,192,242,0,26,17.959615385,19,32.869298246,19,9,1,15.78947368,31.57894737,26.31578947,5.26315789,10.52631579,10.52631579
221,2024-04,LAUSANNE,232,166,0,12,11.418055556,16,35.136458333,16,8,1,50.0,18.75,6.25,12.5,6.25,6.25
222,2024-05,LAUSANNE,230,184,1,13,23.092307692,15,36.005555556,15,5,2,26.66666667,13.33333333,40.0,0.0,13.33333333,6.666666670000001
223,2024-08,GENEVE,191,227,1,20,11.310833333,21,31.333333332999995,21,7,1,4.76190476,42.85714286,19.04761905,23.809523809999998,4.76190476,4.76190476
224,2024-09,BARCELONA,409,69,0,11,14.809090908999998,7,56.714285714,7,5,2,14.285714290000001,42.85714286,14.285714290000001,14.285714290000001,14.285714290000001,0.0
225,2024-09,GENEVE,191,244,2,34,19.90245098,31,54.924731183,31,22,7,12.903225809999999,29.03225806,12.903225809999999,25.806451609999996,9.67741935,9.67741935
